id;organization_unit_id;user_id;request_date;date_of_delivery;description;status
1;43838;25767;2020-06-17;2020-06-17;Pakistan fresh-thinking;44991
2;21624;90293;2020-06-17;2020-06-17;Directives;89332
3;23113;65205;2020-06-17;2020-06-17;Tactics Fundamental;42335
4;83953;92647;2020-06-17;2020-06-17;Savings Account Avon Chair;36927
5;63310;21513;2020-06-17;2020-06-17;cross-platform Personal Loan Account tangible;84070
6;45471;71061;2020-06-16;2020-06-17;Horizontal Representative;23873
7;91082;56283;2020-06-17;2020-06-17;JSON support;57328
8;40453;72357;2020-06-16;2020-06-17;Jewelery;37487
9;51339;12281;2020-06-17;2020-06-17;calculate;2973
10;69186;1583;2020-06-17;2020-06-17;customized Incredible methodologies;25551
